correlation_entropy,mean_correlation,std_correlation,effective_connectivity,effective_connectivity_pct,positive_corr_fraction,negative_corr_fraction,correlation_skewness,correlation_kurtosis,window,start_timepoint,end_timepoint,window_center
5.400711838271296,0.25447971102792905,0.4551875235061724,3152,63.676767676767675,0.7052525252525252,0.29474747474747476,-0.38774941526321444,-0.7266796172477639,0,0,29,14.5
5.437595295218792,0.1936629922730574,0.455023209113665,3047,61.55555555555556,0.6593939393939394,0.3406060606060606,-0.3010364848725836,-0.7758396382101225,1,5,34,19.5
5.554570141872937,0.11166638548329345,0.5068856128601212,3220,65.05050505050505,0.5793939393939394,0.4206060606060606,-0.1711581992160625,-1.0381280961417494,2,10,39,24.5
5.513185385351427,0.13984644162445642,0.48959416535140415,3198,64.60606060606061,0.6137373737373737,0.38626262626262625,-0.24575823766270957,-0.9764011801191961,3,15,44,29.5
5.539895749087429,0.14030704628946236,0.5165013821321309,3393,68.54545454545455,0.6094949494949495,0.3905050505050505,-0.27166926170180283,-1.0734857944453322,4,20,49,34.5
5.578252407287659,0.07804245718985116,0.5513054824692473,3465,70.0,0.5511111111111111,0.4488888888888889,-0.12029448826542188,-1.228605629845045,5,25,54,39.5
5.555718805734928,0.09763047996560319,0.5734759628690682,3643,73.5959595959596,0.554949494949495,0.44505050505050503,-0.12871451242936308,-1.3310547086248175,6,30,59,44.5
5.543678897500123,0.10790197917981799,0.5328626198155475,3427,69.23232323232324,0.5658585858585858,0.43414141414141416,-0.1341619363165658,-1.2224900659424665,7,35,64,49.5
5.527625167809141,0.09114398932718631,0.49611510205817494,3196,64.56565656565657,0.556969696969697,0.44303030303030305,-0.09445527340378444,-1.0956424823344781,8,40,69,54.5
5.537759070786196,0.08431996283695446,0.4958832549873894,3136,63.35353535353536,0.5612121212121212,0.4387878787878788,-0.10447363385499528,-1.0452637514643692,9,45,74,59.5
5.490184767320413,0.10940476999489633,0.47300934857391125,3024,61.09090909090909,0.5931313131313132,0.4068686868686869,-0.1499704810865569,-0.9602457227919801,10,50,79,64.5
5.433427874879655,0.12217139300485252,0.4484349874506196,2962,59.83838383838384,0.6052525252525253,0.39474747474747474,-0.20131885470625777,-0.902452171816138,11,55,84,69.5
5.387158635871663,0.16558633924902114,0.43170577030115626,2900,58.58585858585859,0.6476767676767676,0.3523232323232323,-0.2574280087838649,-0.8027192039713795,12,60,89,74.5
5.448829733985377,0.1248722267793218,0.45478599015062127,2997,60.54545454545455,0.6,0.4,-0.1758388264220433,-0.9336777763176447,13,65,94,79.5
5.426156883284104,0.12837330499136218,0.4436170306950975,2903,58.64646464646464,0.6052525252525253,0.39474747474747474,-0.16652161905602567,-0.8936228994515862,14,70,99,84.5
5.444780637186701,0.11809237819649954,0.4546640584672631,2964,59.878787878787875,0.5957575757575757,0.40424242424242424,-0.13808072401890298,-0.9612858924887377,15,75,104,89.5
5.419774349937058,0.150238085798203,0.44681736402295685,2950,59.5959595959596,0.623030303030303,0.37696969696969695,-0.19172721447564156,-0.9180173374499212,16,80,109,94.5
5.468495517563992,0.16925759301360968,0.4726586646214912,3164,63.91919191919192,0.6373737373737374,0.36262626262626263,-0.27653466100993523,-0.9335696778766636,17,85,114,99.5
5.494476951065779,0.15833484310576534,0.4865250505041752,3204,64.72727272727273,0.6228282828282828,0.37717171717171716,-0.24230090755534534,-0.9891549674325071,18,90,119,104.5
5.514292771181722,0.14387181597875542,0.4941531626179773,3200,64.64646464646465,0.6105050505050506,0.3894949494949495,-0.22051357529376364,-1.0108951007314604,19,95,124,109.5
5.441572929744068,0.21707178311582326,0.47483638855725113,3279,66.24242424242425,0.6747474747474748,0.32525252525252524,-0.41646786805369784,-0.8244445238720126,20,100,129,114.5
5.399609453355945,0.2204600810134078,0.4496655047240072,3201,64.66666666666667,0.6892929292929293,0.3107070707070707,-0.43621959879893807,-0.7069359871636025,21,105,134,119.5
5.443195700335778,0.20305333166787531,0.4646088364279983,3187,64.38383838383838,0.6674747474747474,0.3325252525252525,-0.3430906716543384,-0.8388174219804143,22,110,139,124.5
5.435910867693048,0.1941843138808674,0.4596303056104087,3146,63.55555555555556,0.6652525252525252,0.33474747474747474,-0.37965784914337786,-0.7741002528537,23,115,144,129.5
5.4504842910057185,0.21640409595970922,0.4763361820943446,3211,64.86868686868686,0.6682828282828283,0.33171717171717174,-0.33471374922587005,-0.9065316886253578,24,120,149,134.5
5.460256977894712,0.2307222207182766,0.49625101954426637,3348,67.63636363636364,0.6723232323232323,0.3276767676767677,-0.3530227303063889,-0.9741424243342576,25,125,154,139.5
5.242971294347839,0.357332360645921,0.4139512281588695,3348,67.63636363636364,0.7882828282828283,0.21171717171717172,-0.531378515809492,-0.5706720144110906,26,130,159,144.5
5.384120238551996,0.3017215065870721,0.4870267290797185,3521,71.13131313131314,0.7157575757575757,0.28424242424242424,-0.5262081892550857,-0.8203509806690708,27,135,164,149.5
5.1650911434953795,0.43605819809978,0.4516728836549471,3856,77.8989898989899,0.8165656565656566,0.18343434343434342,-0.931306730088752,-0.030434127760954333,28,140,169,154.5
5.189616043110394,0.42948569158397987,0.45189591421921893,3803,76.82828282828282,0.8141414141414142,0.18585858585858586,-0.8988523623408076,-0.02448637364348949,29,145,174,159.5
5.210815112534551,0.39811885491316623,0.42715235364126475,3653,73.79797979797979,0.8155555555555556,0.18444444444444444,-0.7991796627065948,-0.12710940824130912,30,150,179,164.5
4.862478364829398,0.545721382793562,0.3455908632744543,4022,81.25252525252525,0.9155555555555556,0.08444444444444445,-1.0696080915414894,0.8106275163585783,31,155,184,169.5
4.836809282992014,0.5468302172167562,0.3333099953338797,4061,82.04040404040404,0.9214141414141415,0.07858585858585859,-1.089732769218812,0.9479497466119406,32,160,189,174.5
5.033882464073402,0.4617964533378325,0.36999941978306744,3748,75.71717171717172,0.8676767676767677,0.13232323232323231,-0.8659855071795879,0.1800045358324751,33,165,194,179.5
5.075549755172991,0.4501853163872848,0.37984252886083686,3712,74.98989898989899,0.8646464646464647,0.13535353535353536,-0.8506869154794987,0.1745051163363196,34,170,199,184.5
5.081780754161158,0.4483329252111982,0.37796315614672077,3624,73.21212121212122,0.8696969696969697,0.1303030303030303,-0.7789123192874458,0.09433242509240358,35,175,204,189.5
4.745300680075407,0.5720498505401873,0.3102769265994118,4164,84.12121212121212,0.941010101010101,0.05898989898989899,-1.0432239513347419,0.8548344436084223,36,180,209,194.5
4.6880036213117675,0.5859468459741022,0.30000795126169,4166,84.16161616161617,0.9468686868686869,0.05313131313131313,-1.0975968124333584,0.962917910742477,37,185,214,199.5
5.18193238098536,0.4070369752696013,0.42829862086018916,3657,73.87878787878788,0.8054545454545454,0.19454545454545455,-0.7881498728592611,-0.2609620938677182,38,190,219,204.5
5.032183270542047,0.4760767665191506,0.39559434244034236,3855,77.87878787878788,0.8618181818181818,0.13818181818181818,-1.0037081213471433,0.37182754698965903,39,195,224,209.5
4.693320957756876,0.5951813099792961,0.32072335845234146,4208,85.01010101010101,0.9363636363636364,0.06363636363636363,-1.299415981921357,1.57715903808442,40,200,229,214.5
4.613059504621093,0.6183547017532041,0.3037385522368177,4275,86.36363636363636,0.9484848484848485,0.051515151515151514,-1.2710194134540214,1.3709511474080083,41,205,234,219.5
4.702301739184342,0.5844654903445253,0.3064314708368949,4145,83.73737373737374,0.9404040404040404,0.0595959595959596,-1.0525598457334095,0.6599620879202646,42,210,239,224.5
4.940419803833019,0.46075873248997723,0.32682944482620013,3556,71.83838383838383,0.897979797979798,0.10202020202020202,-0.5867292194513899,-0.30918686747963253,43,215,244,229.5
5.0677103747217345,0.42818312643352036,0.3641677662718079,3544,71.5959595959596,0.8608080808080808,0.1391919191919192,-0.668323409057233,-0.21463375547584107,44,220,249,234.5
5.039552887082468,0.44515694383212023,0.36130497644963133,3625,73.23232323232324,0.8674747474747475,0.13252525252525252,-0.7493810054839859,-0.03669338828024582,45,225,254,239.5
5.272090332867763,0.363749139056775,0.4527515785290997,3693,74.60606060606061,0.7785858585858586,0.22141414141414142,-0.7958616460477446,-0.27633881538836835,46,230,259,244.5
5.328739369347199,0.33526596896862376,0.4747583722780545,3713,75.01010101010101,0.7573737373737374,0.24262626262626263,-0.7654210558228804,-0.3932594941407297,47,235,264,249.5
5.342635632860963,0.3252294362601558,0.47601828377607563,3673,74.20202020202021,0.7527272727272727,0.24727272727272728,-0.7429930773704674,-0.42898569229595784,48,240,269,254.5
5.348063016805026,0.31428383167791235,0.4645751542046788,3548,71.67676767676768,0.7519191919191919,0.24808080808080807,-0.6762250233387572,-0.48435256371048485,49,245,274,259.5
5.134908512393012,0.37393955016939673,0.37462925934762126,3373,68.14141414141415,0.823030303030303,0.17696969696969697,-0.6287805793434901,-0.25034945710993606,50,250,279,264.5
5.213266503723224,0.3560082456170779,0.4054308391119197,3477,70.24242424242425,0.7965656565656566,0.20343434343434344,-0.6838667207541635,-0.28198981488105135,51,255,284,269.5
5.346647858433584,0.2780695954042427,0.44045187072132236,3268,66.02020202020202,0.7321212121212122,0.2678787878787879,-0.4878043538063214,-0.6696800602509052,52,260,289,274.5
5.212365516517549,0.35782504656124975,0.39954974166468743,3376,68.20202020202021,0.8006060606060607,0.1993939393939394,-0.6260716737070195,-0.3194145654472407,53,265,294,279.5
5.195212762683655,0.3981448507726727,0.4199775967591654,3660,73.93939393939394,0.824040404040404,0.17595959595959595,-0.898138517595979,0.1806648537408484,54,270,299,284.5
5.148241447989536,0.4157032796631792,0.4200234376571849,3764,76.04040404040404,0.8377777777777777,0.1622222222222222,-1.0124897370234727,0.4141720371969875,55,275,304,289.5
5.358881753898495,0.30191866229326836,0.45876189613835716,3409,68.86868686868686,0.7450505050505051,0.2549494949494949,-0.6235791008239936,-0.4886903049121063,56,280,309,294.5
5.3541188930461585,0.28997369705793424,0.4461056889531108,3303,66.72727272727273,0.7408080808080808,0.2591919191919192,-0.5928206848452268,-0.4464700348381463,57,285,314,299.5
5.220352170925166,0.40996618079348607,0.45943000465102396,3822,77.21212121212122,0.8121212121212121,0.18787878787878787,-0.9576921267728506,0.1054400966661504,58,290,319,304.5
5.137921554302574,0.427641793678736,0.41029398813292045,3753,75.81818181818181,0.8325252525252526,0.16747474747474747,-0.8622469075883996,-0.03457571688227423,59,295,324,309.5
5.000148458735472,0.49434019911634547,0.38223430176118234,3847,77.71717171717172,0.8783838383838384,0.12161616161616162,-0.972643831983891,0.3328356656655598,60,300,329,314.5
5.014160266812052,0.4919657921197075,0.39386370185520014,3921,79.21212121212122,0.8660606060606061,0.13393939393939394,-1.035953784560197,0.424630730775327,61,305,334,319.5
5.006367122795409,0.4957954241972607,0.396278041659533,3914,79.07070707070707,0.8666666666666667,0.13333333333333333,-1.0314847701715157,0.40526647074499245,62,310,339,324.5
5.149751837907223,0.43578672451493206,0.4201845758980652,3760,75.95959595959596,0.8331313131313132,0.16686868686868686,-0.8955947566928638,0.08810714069398085,63,315,344,329.5
5.465534936992226,0.2502299472928953,0.5116134026410859,3519,71.0909090909091,0.6802020202020203,0.3197979797979798,-0.45396382997622653,-0.9115154417308844,64,320,349,334.5
5.542880521080249,0.18210621772660582,0.5499456498425696,3528,71.27272727272727,0.6276767676767677,0.37232323232323233,-0.32561352530353943,-1.0991289388091756,65,325,354,339.5
5.589687981833571,0.05834109932714062,0.5607148590171521,3542,71.55555555555556,0.5381818181818182,0.4618181818181818,-0.08274769075674598,-1.2702880363745883,66,330,359,344.5
5.570955514011193,0.04804590605217857,0.5214204881454239,3316,66.98989898989899,0.541010101010101,0.458989898989899,-0.09717092696645356,-1.1388603025203676,67,335,364,349.5
5.560079992072187,0.06822006483307273,0.5114396019978968,3258,65.81818181818181,0.5498989898989899,0.4501010101010101,-0.11135082308599294,-1.0984147638626842,68,340,369,354.5
5.496984163809548,0.15696181929900505,0.48562578031409914,3236,65.37373737373737,0.6303030303030303,0.3696969696969697,-0.3272714952644656,-0.8911466528606904,69,345,374,359.5
5.458905659821922,0.1909143876802038,0.4683009356452796,3154,63.717171717171716,0.6630303030303031,0.336969696969697,-0.35151706773053054,-0.7998772390467295,70,350,379,364.5
5.521057448447694,0.1427896747353589,0.49613297790660565,3210,64.84848484848484,0.622020202020202,0.37797979797979797,-0.2746526006035394,-0.9567654875057734,71,355,384,369.5
5.549481906197453,0.0916654420600384,0.5092957961112062,3222,65.0909090909091,0.5725252525252525,0.42747474747474745,-0.14721341506121102,-1.0792497871651685,72,360,389,374.5
5.593355180892596,0.057710002695492764,0.5288296209933262,3264,65.93939393939394,0.534949494949495,0.46505050505050505,-0.05147773601692982,-1.1107315825153092,73,365,394,379.5
5.574917513911148,0.09358381297347743,0.5241244091561,3262,65.8989898989899,0.5646464646464646,0.4353535353535353,-0.1326104324166454,-1.0804247277140946,74,370,399,384.5
5.579888759948671,0.08995570146462069,0.5315569378527802,3317,67.01010101010101,0.5571717171717172,0.44282828282828285,-0.1018359101445834,-1.121522825403473,75,375,404,389.5
5.534785148446395,0.12201151667169069,0.49971449133127793,3143,63.494949494949495,0.5957575757575757,0.40424242424242424,-0.17500773147686075,-1.0116499118247102,76,380,409,394.5
5.386324460833549,0.22881891787856284,0.4406917562334641,3040,61.41414141414141,0.6961616161616162,0.30383838383838385,-0.39966790493350196,-0.6480800175316324,77,385,414,399.5
5.322516577990827,0.2573399918467665,0.41686122417162697,3012,60.84848484848485,0.7311111111111112,0.2688888888888889,-0.39747966442964155,-0.5611026222447761,78,390,419,404.5
5.488437790710163,0.19424515652922456,0.5037602583845963,3398,68.64646464646465,0.6325252525252525,0.36747474747474745,-0.29869237161170814,-1.0585508344218506,79,395,424,409.5
5.531676873816502,0.17130706565803924,0.548046503841709,3582,72.36363636363636,0.6159595959595959,0.384040404040404,-0.29997920521909893,-1.1731810055973022,80,400,429,414.5
5.489714744291391,0.19948646111176016,0.5154332990977004,3506,70.82828282828282,0.6474747474747474,0.3525252525252525,-0.3576195556525196,-1.0689450265322418,81,405,434,419.5
5.410511875151588,0.2515115922993986,0.467913375111948,3332,67.31313131313131,0.6888888888888889,0.3111111111111111,-0.40419306466675103,-0.8587387030723326,82,410,439,424.5
5.356381409361272,0.2307710933530085,0.42862095609331197,2882,58.22222222222222,0.6848484848484848,0.3151515151515151,-0.24316098779739756,-0.7801592734925085,83,415,444,429.5
5.311801001188683,0.2803595623294584,0.41717741760536053,3027,61.15151515151515,0.7406060606060606,0.2593939393939394,-0.4348952874324254,-0.49927325739423356,84,420,449,434.5
5.344496338829399,0.21448788348792153,0.4156599216661513,2857,57.717171717171716,0.6927272727272727,0.30727272727272725,-0.328413857783364,-0.5638194214571053,85,425,454,439.5
5.447307688141523,0.17657957197468707,0.465541792617901,3089,62.4040404040404,0.6329292929292929,0.36707070707070705,-0.20893387440644526,-0.9903282291114701,86,430,459,444.5
5.4441385451484985,0.20620584066663283,0.4890527678210589,3375,68.18181818181819,0.6444444444444445,0.35555555555555557,-0.28448606510956326,-1.0892633641596328,87,435,464,449.5
5.457324730902558,0.20093163973064604,0.47020784795186255,3182,64.28282828282828,0.6646464646464646,0.33535353535353535,-0.3210431248824716,-0.8601498404507164,88,440,469,454.5
5.388454405827038,0.2672931509214336,0.4527958838155495,3266,65.97979797979798,0.7262626262626263,0.2737373737373737,-0.4938626924338519,-0.5997353465009443,89,445,474,459.5
5.37929435858209,0.2796011925341286,0.45286914831740493,3379,68.26262626262626,0.7349494949494949,0.26505050505050504,-0.5341995490985478,-0.6030178411285174,90,450,479,464.5
5.36478358538344,0.30370620997086745,0.45611552481885476,3388,68.44444444444444,0.7436363636363637,0.25636363636363635,-0.5752893377922663,-0.5470407084625264,91,455,484,469.5
5.28562625579169,0.3341419431351562,0.42489366048216093,3349,67.65656565656566,0.776969696969697,0.22303030303030302,-0.6231565115629043,-0.36092889271641937,92,460,489,474.5
5.303705861233144,0.32283873200122415,0.43228130711412477,3393,68.54545454545455,0.7783838383838384,0.22161616161616163,-0.7095935603144308,-0.1604520056833234,93,465,494,479.5
5.365024341394754,0.3079161610947416,0.46533664921871637,3440,69.4949494949495,0.7397979797979798,0.2602020202020202,-0.6281928653969936,-0.499365150805112,94,470,499,484.5
5.298727513606417,0.3317617918549993,0.4414905181576493,3431,69.31313131313131,0.7553535353535353,0.24464646464646464,-0.5525675344467764,-0.6543099959662935,95,475,504,489.5
5.3086941629473525,0.32552962084668136,0.4331284331072855,3340,67.47474747474747,0.7650505050505051,0.23494949494949494,-0.5335160752185836,-0.543877602863942,96,480,509,494.5
5.325638356239094,0.3097274091818599,0.4416454061346393,3307,66.8080808080808,0.7426262626262626,0.25737373737373737,-0.4911324979760704,-0.6830049976029753,97,485,514,499.5
5.2342071457575985,0.37413174781908626,0.41830361045748815,3442,69.53535353535354,0.8072727272727273,0.19272727272727272,-0.6525904816137129,-0.315859522137397,98,490,519,504.5
5.023126891788802,0.47933702352410174,0.37749692993965933,3793,76.62626262626263,0.877979797979798,0.12202020202020201,-0.9454496784057237,0.3997870782329258,99,495,524,509.5
4.987268478734857,0.5030010773546841,0.3950667486915707,3970,80.20202020202021,0.8678787878787879,0.1321212121212121,-1.1028834119456712,0.581075185581287,100,500,529,514.5
5.210833140765422,0.4102357996495658,0.45509808783586314,3856,77.8989898989899,0.7971717171717172,0.20282828282828283,-0.8814501782006892,-0.1640887672304081,101,505,534,519.5
5.4194786664198995,0.2724143442654374,0.49220972461796175,3564,72.0,0.7141414141414142,0.28585858585858587,-0.597815246496357,-0.6754627282513224,102,510,539,524.5
5.248575207563907,0.37559865699023026,0.4405970637123295,3676,74.26262626262626,0.7953535353535354,0.20464646464646466,-0.8052059020491443,-0.19997835230984196,103,515,544,529.5
5.032026919837676,0.478263239758568,0.4360067844056715,4003,80.86868686868686,0.8284848484848485,0.1715151515151515,-1.0501835106638777,0.10128371423127636,104,520,549,534.5
5.145949544326367,0.4124620633705514,0.4084112240549889,3696,74.66666666666667,0.8242424242424242,0.17575757575757575,-0.8293607206917334,-0.12703243216732174,105,525,554,539.5
5.1695687561214605,0.37415044812742854,0.38859143356856946,3437,69.43434343434343,0.822020202020202,0.177979797979798,-0.6864016353339385,-0.15619282696228698,106,530,559,544.5
