Subject_ID,CAPs_Difference,Screening_Score,N_ROIs,N_Timepoints,Mean_Simple_Entropy,Mean_Shannon_Entropy,Mean_Edge_Weight_Entropy
2113,-5.0,,114,300,1.0357081622235147,4.664200426229948,6.621760231487633
2590,-6.0,,114,300,1.0037562084343896,4.435389140970957,6.395226422506067
1361,-30.0,,114,300,1.0283636384286554,4.52029069225146,6.229937657818737
1159,-32.0,,114,300,1.015051862969579,4.621041086455694,6.63604491986664
0758,-10.0,,114,300,1.072726854551038,4.481645131890648,6.372733139601001
2105,-6.0,,114,300,1.0561063587244748,3.5647225501416826,5.898295201351245
1306,-14.0,,114,300,0.9834266788686942,4.463527124276102,6.378013451591701
2608,-9.0,,114,300,1.0132243791027669,4.424869547541047,6.541622952047881
0790,-2.0,,114,300,1.0512670943801836,4.553369783376974,6.600091111382442
2155,-15.0,,114,300,0.9550419686157136,4.558941089605798,6.38901409165234
2010,4.0,,114,300,1.0810488678289591,4.7205934938368275,6.391275429430883
1010,-15.0,,114,300,0.9823339913024492,4.601690714603501,6.505066104649328
2142,-11.0,,114,300,0.9806178641004252,4.711438889692349,6.623885509017677
1148,-16.0,,114,300,1.0209191861019251,4.468726602554356,6.397184876424765
3533,-24.0,,114,300,1.0306461273713448,4.627436347892269,6.536511888751962
0875,-12.0,,114,300,1.103157172961248,4.741817858991031,6.41989329002149
1482,10.0,,114,300,1.051709525201833,4.448405442994408,6.230629624373035
1909,10.0,,114,300,1.0408238857280676,4.791652699145997,6.636738427889232
2028,-7.0,,114,300,1.0647191929035156,4.597304792384659,6.698019737270169
1803,2.0,,114,300,1.008915105217699,4.669673514476765,6.545727073696673
1887,-3.0,,114,300,1.0458075265342905,4.507588021501491,6.294368887870106
1016,-7.0,,114,300,1.1045499570887782,4.317756417450942,6.50041676105363
0695,-6.0,,114,300,1.0399261710753884,4.574086098463721,6.2339150168011965
2124,-19.0,,114,300,0.9234159149065939,4.652732086169491,6.658274022579636
2423,-13.0,,114,300,1.0054036801137245,4.49655398013946,6.61338415686897
1542,5.0,,114,300,0.964753839091769,4.69366801211922,6.540793844878838
2828,-8.0,,114,300,1.0481238990453077,4.515447403917386,6.401747831171627
1343,1.0,,114,300,1.0262731958963733,4.567353902962433,6.455191726977806
0454,-9.0,,114,300,1.081278442000015,4.563210119565806,6.478185874710459
0081,-6.0,,114,300,1.0656605835239314,4.458146317900297,6.38197846616886
1718,1.0,,114,300,0.9842375106766588,4.27794722511145,6.382941288705296
1060,-14.0,,114,300,1.047209434677277,4.602881827234137,6.476957451952148
2405,-16.0,,114,300,1.0613824883511622,4.58783696904809,6.442189845317281
2714,-23.0,,114,300,1.0349079973385973,4.374181619712023,6.274349162296209
2772,7.0,,114,300,1.0227760584836771,4.4399253442378885,6.164254057921529
0216,-6.0,,114,300,1.0444320954584958,4.4424367180634,6.273338530339474
1860,-5.0,,114,300,1.0939825781300094,4.267326600353035,6.579134348343847
1750,-29.0,,114,300,1.0518401225605907,4.518048667110583,6.395204997963806
2701,-24.0,,114,300,1.0429750204564194,4.583005481502141,6.311480096351084
3646,-29.0,,114,300,1.0205404124994426,4.597495287206985,6.607102402852188
0034,-20.0,,114,300,1.0580972656560015,4.528920836512512,6.47195274232387
1319,-15.0,,114,300,1.0848102533353732,4.425543551903887,6.537367957769548
2169,9.0,,114,300,1.0177758045216672,4.5959769521819736,6.652197685151298
1936,7.0,,114,300,0.9987251911503969,4.530519915167051,6.272316036615954
1632,-11.0,,114,300,1.0905139228557679,4.763831763339057,6.5975014078100065
3299,-15.0,,114,300,1.0234141238395111,4.492417690589429,6.379204932650309
3259,-24.0,,114,300,1.053818578053222,4.579971959326999,6.493886169894415
2196,-6.0,,114,300,1.0647536004768063,4.57367862360231,6.436543393256243
3610,-25.0,,114,300,0.9954935896477611,4.427757278174193,6.241481426880212
1460,-7.0,,114,300,1.0487480138599454,4.4887834583854325,6.13174774150751
0643,-14.0,,114,300,1.0065629641910625,4.606403938477623,6.494843620159912
1316,-13.0,,114,300,1.1083976570152223,4.666224976357767,6.447094167193404
1800,-8.0,,114,300,1.031739642310714,4.338500929703963,6.183132288949574
2512,-25.0,,114,300,1.0073083537503758,4.175781539700221,6.258873119776029
1163,12.0,,114,300,1.0085421135917683,4.5159819645158965,6.526532529531005
3029,-15.0,,114,300,0.9559716304374418,4.215663853864114,6.466526548006982
2019,1.0,,114,300,0.97926101192735,4.579469143169514,6.580412118241956
0005,-6.0,,114,300,0.8912253947567921,4.435381011289847,6.634572727057623
2795,0.0,,114,300,1.05061019525772,4.32068686414461,6.136349509542218
0687,-8.0,,114,300,0.9385253505547522,4.339928047809032,6.6328304222164975
1331,-19.0,,114,300,0.9984970771197103,4.3011570241931985,6.713724319420258
2288,-1.0,,114,300,1.0914182332416236,4.62970285363833,6.254935600274185
0839,-8.0,,114,300,1.0652374959755122,4.559445799146509,6.420806789703539
1766,-9.0,,114,300,0.9571472712134987,4.649727756375161,6.616960815080855
3025,-4.0,,114,300,0.9710842254028965,4.394405100441544,6.314394398082186
2108,-8.0,,114,300,1.0704935824772526,4.667294037604037,6.349855610345311
2645,-7.0,,114,300,0.9937633193225828,4.495742828272371,6.366574212047796
0871,-19.0,,114,300,1.060582253278037,4.426459516584056,6.24614077241485
1749,-14.0,,114,300,0.9309544980725996,4.630319553662059,6.292556281376368
3135,-9.0,,114,300,1.0296700467635118,4.404336249662844,6.260523075265258
2037,-8.0,,114,300,1.092881399852003,4.635596165826244,6.535232772098107
2027,-3.0,,114,300,0.9015460212702727,4.68482798693112,6.662053356001767
1062,-7.0,,114,300,1.0719663389137788,4.622062172537759,6.2988482528314
2326,0.0,,114,300,1.0629005578527893,4.58478517022916,6.158999810040953
1498,-8.0,,114,300,1.0035987306046028,4.545001868084895,6.541693602040553
2064,-6.0,,114,300,1.0566502376653615,4.239469310117309,6.530374173321344
2846,-5.0,,114,300,1.0339815526773384,4.641067313539668,6.6571050143826795
0193,-24.0,,114,300,1.0797060119105943,4.456055889073534,6.163819300266149
0939,-4.0,,114,300,0.8626701338974995,4.380194650043364,6.572684032759014
2417,-11.0,,114,300,1.01097466940203,4.556542659506182,6.562176000995734
2392,5.0,,114,300,0.9542468110936888,4.301022241170716,6.69676145125803
2823,24.0,,114,300,1.0952537252330836,4.662528908441638,6.322256567826624
3586,9.0,,114,300,1.0915582212339896,4.5849284920417155,6.438806702690446
3315,-21.0,,114,300,1.0887711227999664,4.4894585091264565,6.466039601675631
2025,0.0,,114,300,1.074265909857088,4.744762390829276,6.346722095590682
2544,-1.0,,114,300,1.0617067973560526,4.712838388177327,6.56765561532772
1238,5.0,,114,300,1.0912127901556248,4.764304212290712,6.544362110506358
2167,-11.0,,114,300,1.0751131707761379,4.588586497423557,6.414858765340053
3408,8.0,,114,300,1.0129947571526134,4.344851845679384,6.147752226634955
3541,-14.0,,114,300,1.0040555940857991,4.446508904672576,6.215943640407859
1904,-3.0,,114,300,1.0392425726919199,4.742707351952325,6.554467386709396
3319,-9.0,,114,300,1.0120669421429955,4.4922416309606765,6.520872314006788
2958,-11.0,,114,300,1.082670125118252,4.5053048754989025,6.450678160097046
1513,-13.0,,114,300,1.0129009838966512,4.328520633906186,6.259348934488534
0789,-19.0,,114,300,1.016141664464048,4.280951196620862,6.425049474287529
0435,-3.0,,114,300,1.021177638265507,4.371700241549952,6.534798154438583
0365,-9.0,,114,300,1.1530209239136229,4.597660892766245,6.221693170904215
2468,-15.0,,114,300,1.0345025096784535,4.609711848274019,6.642410687988171
0366,-6.0,,114,300,1.0043025681998927,4.576656360457781,6.453357652271358
2099,-1.0,,114,300,1.0977697537552138,4.622811763696754,6.4176357374652575
3146,-5.0,,114,300,1.036201580321402,4.754726610751621,6.675702568340607
1519,2.0,,114,300,1.0115079525495179,4.410536859105045,6.419740519249293
2646,-7.0,,114,300,0.9845459557389981,4.441957204661527,6.328829510144737
2530,-4.0,,114,300,1.0680160958457257,4.524847966459724,6.451409130706787
3056,-18.0,,114,300,1.101423313542959,4.604364728138743,6.262650330548666
1959,-13.0,,114,300,1.085470904984712,4.394697455306392,6.638460384081565
