ROI,Simple_Entropy,Shannon_Entropy,Edge_Weight_Entropy,CAPs_Difference
Precentral_L,0.5586801635758254,4.786857128180079,6.772372122745115,17.0
Precentral_R,0.5544236835516002,4.7681442994583465,6.7800146299891555,17.0
Frontal_Sup_L,0.5721892378104121,4.9929709878720345,6.772817874852172,17.0
Frontal_Sup_R,0.5698176401212581,4.849235898689966,6.780745487344971,17.0
Frontal_Sup_Orb_L,0.605057673189449,5.272400905299951,6.677860637370907,17.0
Frontal_Sup_Orb_R,0.5173350615572361,4.824195177090564,6.760386248774776,17.0
Frontal_Mid_L,0.521406819699465,4.957971507191683,6.768248346685577,17.0
Frontal_Mid_R,0.5143889224129593,4.624026457726715,6.760164366622306,17.0
Frontal_Mid_Orb_L,0.5648701649731674,5.029253105675143,6.764966993357645,17.0
Frontal_Mid_Orb_R,0.5850182930047362,5.040515619062499,6.686665491625698,17.0
Frontal_Inf_Oper_L,0.603456067984116,5.08794370694611,6.544721727467877,17.0
Frontal_Inf_Oper_R,0.5799624527835362,4.857953755291633,6.774218890917348,17.0
Frontal_Inf_Tri_L,0.5726369617952431,4.914257306502027,6.792723569032708,17.0
Frontal_Inf_Tri_R,0.5853847540154788,4.866147200514516,6.785138557960792,17.0
Frontal_Inf_Orb_L,0.5658146381046373,5.040757305051646,6.754709498898009,17.0
Frontal_Inf_Orb_R,0.5741761557062927,5.127955997123545,6.7617687372929485,17.0
Rolandic_Oper_L,0.5981018811032498,4.787596985317636,6.676198035171666,17.0
Rolandic_Oper_R,0.5945155677574101,5.0554043880954795,6.7588750290472435,17.0
Supp_Motor_Area_L,0.5485221946022033,4.890731697664736,6.7917445636765725,17.0
Supp_Motor_Area_R,0.581698529563549,4.875190290059018,6.788709590196807,17.0
Olfactory_L,0.6069471272807965,5.054021229501081,6.661861259957651,17.0
Olfactory_R,0.5944541428594899,5.03855768667054,6.284316654576025,17.0
Frontal_Sup_Medial_L,0.5331489595214669,4.907576842915734,6.735309875422824,17.0
Frontal_Sup_Medial_R,0.5625267105481604,4.8172790202650475,6.774397332436541,17.0
Frontal_Med_Orb_L,0.5721995609389093,5.164511842924958,6.70451366176411,17.0
Frontal_Med_Orb_R,0.5822200220483918,5.101920809036809,6.722544562097381,17.0
Rectus_L,0.5917347370658732,4.962246927221363,6.711149442655294,17.0
Rectus_R,0.5520992003248735,4.905028036197908,6.73278403327307,17.0
Insula_L,0.590608113790294,5.204969993421107,6.738989312640388,17.0
Insula_R,0.5828060345457549,4.973880280541044,6.662421742189064,17.0
Cingulum_Ant_L,0.541137619585984,5.08203832092522,6.761612574744444,17.0
Cingulum_Ant_R,0.582508989531866,5.055687347520479,6.757595224319047,17.0
Cingulum_Mid_L,0.5780182123173678,4.9045590211045775,6.791656990151653,17.0
Cingulum_Mid_R,0.5548300769693141,4.992957543714171,6.7905728464876525,17.0
Cingulum_Post_L,0.5855264752504863,5.048410372819331,6.670604335202145,17.0
Cingulum_Post_R,0.5664414049629392,5.009015807331473,6.7416183980935225,17.0
Hippocampus_L,0.6069711406322209,4.941276283074278,6.784436023010297,17.0
Hippocampus_R,0.6007732046848349,5.18538548377396,6.784425534873063,17.0
ParaHippocampal_L,0.5562174668629702,4.825520790080795,6.733516452593416,17.0
ParaHippocampal_R,0.577129053966978,4.940337752892583,6.711093075802367,17.0
Amygdala_L,0.595920371672029,5.186899527845319,6.7216524801420094,17.0
Amygdala_R,0.6454773374633603,5.197975231324216,6.558397965175122,17.0
Calcarine_L,0.561663140208312,4.993188965323762,6.6939793177098235,17.0
Calcarine_R,0.5899374117106413,5.012364609585756,6.736545301149935,17.0
Cuneus_L,0.5758952423153069,5.095328613985359,6.712804815555727,17.0
Cuneus_R,0.5996641389844793,5.035023387183988,6.7324289488268025,17.0
Lingual_L,0.6141110782738203,5.000375537205848,6.70357611915132,17.0
Lingual_R,0.5802332293736988,4.957072166880418,6.754616640439022,17.0
Occipital_Sup_L,0.5711990083584805,4.8925495834448895,6.663740865787071,17.0
Occipital_Sup_R,0.6334231381544583,4.963687963413562,6.715053410969404,17.0
Occipital_Mid_L,0.6089327422500834,5.1519382899514845,6.727345102441721,17.0
Occipital_Mid_R,0.5781580319649894,4.917483850924009,6.723844069956501,17.0
Occipital_Inf_L,0.5666039001037594,4.79345649639184,6.762487773706638,17.0
Occipital_Inf_R,0.5867177068307392,5.0869107228402575,6.6851074502034304,17.0
Fusiform_L,0.5722948988319271,4.788510133127445,6.728378968476428,17.0
Fusiform_R,0.5747635298744448,5.038061462890637,6.741434625436694,17.0
Postcentral_L,0.5565418886482303,4.774001669678679,6.778206046691944,17.0
Postcentral_R,0.5777551086101651,4.847890690475266,6.773911839315201,17.0
Parietal_Sup_L,0.56029613429646,4.92037383822058,6.7659593887206775,17.0
Parietal_Sup_R,0.5772337859612167,4.844966424537858,6.747950640540352,17.0
Parietal_Inf_L,0.49688507944471944,4.937619672244621,6.777438299434304,17.0
Parietal_Inf_R,0.57497069372364,4.864481110882148,6.760220127422231,17.0
SupraMarginal_L,0.5749729428298728,5.159693690972287,6.737526546625138,17.0
SupraMarginal_R,0.5213288971115493,4.816900303375394,6.764743439268201,17.0
Angular_L,0.5848322187191384,5.157905992965606,6.7598373710621065,17.0
Angular_R,0.5830769187311083,4.966707933314797,6.783405324783,17.0
Precuneus_L,0.5681553333765055,4.899041151912538,6.76997004259826,17.0
Precuneus_R,0.5657273021123153,4.829764753418594,6.754245437140077,17.0
Paracentral_Lobule_L,0.5532974768061357,5.058642094708013,6.767710766817506,17.0
Paracentral_Lobule_R,0.5704992861376335,5.023733184534179,6.722939070722398,17.0
Caudate_L,0.5613128225948093,5.0573429300484385,6.7632683187194225,17.0
Caudate_R,0.5795348722369722,4.699619161968123,6.781980027977872,17.0
Putamen_L,0.613682714168333,5.023578780392846,6.765423472380936,17.0
Putamen_R,0.6025629133730422,5.068974685300776,6.092874506548107,17.0
Pallidum_L,0.6427852765664541,5.32427245502148,6.628447446271826,17.0
Pallidum_R,0.6223139296932638,5.112320344797361,6.042575372821517,17.0
Thalamus_L,0.5665997604961462,4.631966568337554,6.758500380402881,17.0
Thalamus_R,0.5699403763675088,4.703162312482949,6.751699620459436,17.0
Heschl_L,0.5975763549833021,4.70680460294259,6.775168997710561,17.0
Heschl_R,0.608725400913869,5.05447048009388,6.75307653854731,17.0
Temporal_Sup_L,0.5203066673787696,4.763022907630279,6.770552690917231,17.0
Temporal_Sup_R,0.5664026636694146,4.884885756379364,6.78347470113612,17.0
Temporal_Pole_Sup_L,0.5997609956959367,5.007327331810526,6.746921106149258,17.0
Temporal_Pole_Sup_R,0.5966949899406752,5.088658254787497,6.599589073067027,17.0
Temporal_Mid_L,0.5316377045425177,4.973662627986606,6.778261847094311,17.0
Temporal_Mid_R,0.5184297705213884,4.914121107331086,6.7718520879406805,17.0
Temporal_Pole_Mid_L,0.5826659390719511,4.915000266853911,6.681378056245904,17.0
Temporal_Pole_Mid_R,0.6036696198555203,5.219985994545188,6.52175794678402,17.0
Temporal_Inf_L,0.6139996740568061,5.016716857219501,6.734775924748346,17.0
Temporal_Inf_R,0.5842378267715518,5.096066833270971,6.7331351774786885,17.0
Cerebelum_Crus1_L,0.4749109627993732,4.5861370541229185,6.744060983302463,17.0
Cerebelum_Crus1_R,0.5158356310690239,4.791444031851067,6.749424455011824,17.0
Cerebelum_Crus2_L,0.5510198828813764,4.951519516425749,6.703192089114987,17.0
Cerebelum_Crus2_R,0.5040893722091713,4.951147290673163,6.700471232826234,17.0
Cerebelum_3_L,0.6179229316071105,4.843862850487453,6.745716459543944,17.0
Cerebelum_3_R,0.6095988466000842,5.01454011799864,6.710383608967243,17.0
Cerebelum_4_5_L,0.641077086789963,5.0828166327229125,6.7600018955937,17.0
Cerebelum_4_5_R,0.5622377315540545,4.894969700278052,6.775439491895001,17.0
Cerebelum_6_L,0.5654760377404962,5.134216340407272,6.7183052723985295,17.0
Cerebelum_6_R,0.5270204269896941,4.944366034648795,6.7599339139898875,17.0
Cerebelum_7b_L,0.5456599208554306,4.705604301510419,6.756832563266096,17.0
Cerebelum_7b_R,0.5886501737556115,4.98274605530475,6.719414505977236,17.0
Cerebelum_8_L,0.6143475192508959,5.103850130649197,6.675609820380816,17.0
Cerebelum_8_R,0.6069647359388617,5.084573165549365,6.490080059603731,17.0
Cerebelum_9_L,0.5644407147327865,5.0064821188060105,6.527862690294912,17.0
Cerebelum_9_R,0.5417762321166616,4.8177099393673455,6.7801374334412605,17.0
Cerebelum_10_L,0.6112023203247705,5.144174322591415,6.666211873481061,17.0
Cerebelum_10_R,0.6095473568691123,5.094784227913523,6.717805764538481,17.0
Vermis_1_2,0.6589204576821319,5.265588359686749,6.657274154960541,17.0
Vermis_3,0.5800013664716955,4.839049358543765,6.737703799157369,17.0
Vermis_4_5,0.5890762008733912,5.026750977263973,6.771276907011414,17.0
Vermis_6,0.5428596020430605,5.029353896116934,6.673585315510097,17.0
Vermis_7,0.5648797746492082,4.661057998522854,6.706256533953253,17.0
Vermis_8,0.5867930021319601,5.207845032532639,6.208826637099392,17.0
Vermis_9,0.5543797224327901,5.127030033048326,6.719623304820235,17.0
Vermis_10,0.6111490841983453,4.878338225101664,6.757112880833862,17.0
