roi,simple_entropy_baseline,simple_entropy_psilocybin,simple_entropy_difference
Precentral_L,0.5977645403092544,0.6315391072157527,0.03377456690649827
Precentral_R,0.5399674716656736,0.6304199662181569,0.09045249455248328
Frontal_Sup_L,0.5242354269020384,0.6034324074326977,0.07919698053065927
Frontal_Sup_R,0.52963964073895,0.5938524808655642,0.06421284012661421
Frontal_Sup_Orb_L,0.5329037770952874,0.61254376497095,0.07963998787566262
Frontal_Sup_Orb_R,0.5777670100702951,0.6317483547255477,0.05398134465525262
Frontal_Mid_L,0.5934144973180078,0.5942079636567434,0.0007934663387356711
Frontal_Mid_R,0.5815230651604417,0.6166519558414314,0.03512889068098968
Frontal_Mid_Orb_L,0.6208965870756133,0.5727962214453143,-0.04810036563029907
Frontal_Mid_Orb_R,0.5880825291638186,0.6214443291428852,0.03336179997906652
Frontal_Inf_Oper_L,0.5995687537308338,0.6218215464863256,0.022252792755491746
Frontal_Inf_Oper_R,0.5877364845573596,0.6231674799028643,0.035430995345504646
Frontal_Inf_Tri_L,0.6265162628112702,0.6051213754460715,-0.021394887365198678
Frontal_Inf_Tri_R,0.5546773891647503,0.613011398344954,0.058334009180203705
Frontal_Inf_Orb_L,0.6001529124402138,0.6011140508424623,0.0009611384022484293
Frontal_Inf_Orb_R,0.5555939179391347,0.6240963893292762,0.06850247139014154
Rolandic_Oper_L,0.5824083069499437,0.5993153215632921,0.016907014613348426
Rolandic_Oper_R,0.5785215556015777,0.6217403509933692,0.04321879539179152
Supp_Motor_Area_L,0.580027354070424,0.6526894297247043,0.07266207565428029
Supp_Motor_Area_R,0.5966671533502412,0.6550912702134116,0.058424116863170394
Olfactory_L,0.5957306148691625,0.6098872273449486,0.014156612475786146
Olfactory_R,0.5594151992029197,0.6491079926398164,0.08969279343689673
Frontal_Sup_Medial_L,0.5498265356768114,0.5817858855955373,0.031959349918725954
Frontal_Sup_Medial_R,0.5316772307558435,0.6079685472379354,0.07629131648209186
Frontal_Med_Orb_L,0.5967358699210589,0.5913262374021548,-0.005409632518904028
Frontal_Med_Orb_R,0.5905500143577372,0.6239793998837107,0.03342938552597341
Rectus_L,0.6006571973684947,0.6377866778084103,0.037129480439915596
Rectus_R,0.6104256267734064,0.6181254414262695,0.007699814652863068
Insula_L,0.6655643216462418,0.6398921137971045,-0.025672207849137263
Insula_R,0.642044845665284,0.648167926382579,0.00612308071729506
Cingulum_Ant_L,0.611297048955591,0.598201098082249,-0.013095950873342033
Cingulum_Ant_R,0.6024231956937498,0.621395313147723,0.018972117453973203
Cingulum_Mid_L,0.6148871159922232,0.6290572366297779,0.014170120637554628
Cingulum_Mid_R,0.6151759962395087,0.6055579516885519,-0.009618044550956828
Cingulum_Post_L,0.5542729587462496,0.5959705697271582,0.04169761098090863
Cingulum_Post_R,0.5811119739667471,0.641063185371796,0.05995121140504889
Hippocampus_L,0.6362954931626222,0.5902462469005368,-0.0460492462620854
Hippocampus_R,0.5596737654827698,0.614651488001019,0.05497772251824917
ParaHippocampal_L,0.5742455308426524,0.6336894678160981,0.05944393697344574
ParaHippocampal_R,0.5830345631552537,0.6223541976386802,0.03931963448342646
Amygdala_L,0.5983628245358606,0.6053351653142153,0.006972340778354624
Amygdala_R,0.5997548446817887,0.5884668304607614,-0.01128801422102732
Calcarine_L,0.6059000546957818,0.6241475549579079,0.01824750026212607
Calcarine_R,0.5889247533786467,0.5767621754595862,-0.012162577919060502
Cuneus_L,0.5642133172358722,0.6194272345060347,0.05521391727016245
Cuneus_R,0.5936714790678076,0.6286074329062351,0.034935953838427514
Lingual_L,0.6121582909857728,0.5935901339031274,-0.018568157082645365
Lingual_R,0.6122535001501213,0.575567794992684,-0.0366857051574373
Occipital_Sup_L,0.5759866326481864,0.5981581749650596,0.02217154231687324
Occipital_Sup_R,0.599766328123059,0.59017279450789,-0.009593533615169014
Occipital_Mid_L,0.6360307578283855,0.6040142333244944,-0.03201652450389103
Occipital_Mid_R,0.5954619012843824,0.6029293030067019,0.007467401722319522
Occipital_Inf_L,0.5838766760346872,0.6248022466119486,0.04092557057726143
Occipital_Inf_R,0.5912946599837957,0.5968916632856512,0.00559700330185553
Fusiform_L,0.6341016443456757,0.6010368997380126,-0.03306474460766318
Fusiform_R,0.6386374239499814,0.6078109656837026,-0.030826458266278722
Postcentral_L,0.5831927161558795,0.6184425810749411,0.03524986491906157
Postcentral_R,0.5761026744204896,0.6211106001669181,0.045007925746428534
Parietal_Sup_L,0.5893150806125443,0.5824024826154472,-0.006912597997097092
Parietal_Sup_R,0.6286515074128994,0.6057980972959259,-0.022853410116973505
Parietal_Inf_L,0.6021043378800928,0.5732849455268264,-0.02881939235326636
Parietal_Inf_R,0.6141486651201101,0.591564367080703,-0.02258429803940709
SupraMarginal_L,0.5966794881771705,0.5959996820956592,-0.0006798060815113027
SupraMarginal_R,0.6213268254194528,0.6195130553697581,-0.0018137700496947406
Angular_L,0.6112577195997613,0.6210701772912702,0.009812457691508958
Angular_R,0.5360131334768247,0.5927489050528397,0.05673577157601506
Precuneus_L,0.6118855755813112,0.567553114245091,-0.04433246133622015
Precuneus_R,0.5937639262598685,0.6062778448590872,0.012513918599218687
Paracentral_Lobule_L,0.588233315179044,0.5826430239331176,-0.00559029124592636
Paracentral_Lobule_R,0.598562203349467,0.5963403702498596,-0.0022218330996073288
Caudate_L,0.5956936810944755,0.6415027838940532,0.04580910279957773
Caudate_R,0.6237411945067668,0.6096221837321635,-0.014119010774603313
Putamen_L,0.6321050874650901,0.6442400031912061,0.012134915726116025
Putamen_R,0.6205700758451786,0.6134512533115052,-0.007118822533673463
Pallidum_L,0.6115197498790306,0.6192428584953453,0.0077231086163147555
Pallidum_R,0.6069090927067206,0.6323374193981967,0.0254283266914761
Thalamus_L,0.6172697428165219,0.6081266665910093,-0.00914307622551258
Thalamus_R,0.6306943538704175,0.616246051874991,-0.01444830199542646
Heschl_L,0.6086093707875148,0.6051469162566467,-0.00346245453086802
Heschl_R,0.6174476561901515,0.5916457321218102,-0.025801924068341364
Temporal_Sup_L,0.6030606057314508,0.6208091848892381,0.01774857915778727
Temporal_Sup_R,0.569815908205947,0.569286001276551,-0.000529906929395918
Temporal_Pole_Sup_L,0.6295489678082135,0.6296296767397636,8.070893155009973e-05
Temporal_Pole_Sup_R,0.5667584931498318,0.6285665644794051,0.06180807132957322
Temporal_Mid_L,0.6275349913292763,0.6446046372821755,0.01706964595289928
Temporal_Mid_R,0.6041095723511345,0.6256306272935871,0.0215210549424526
Temporal_Pole_Mid_L,0.5888090227761801,0.5896418315941284,0.0008328088179483384
Temporal_Pole_Mid_R,0.6244924530310114,0.6205807272306578,-0.003911725800353594
Temporal_Inf_L,0.6555036705034664,0.6211480569623773,-0.03435561354108907
Temporal_Inf_R,0.5979925053711673,0.6405540797906197,0.04256157441945241
Cerebelum_Crus1_L,0.5634065191760054,0.606939593065102,0.04353307388909666
Cerebelum_Crus1_R,0.5778984298582593,0.6147243635054881,0.03682593364722875
Cerebelum_Crus2_L,0.4972310314981276,0.5544265724993708,0.05719554100124319
Cerebelum_Crus2_R,0.6315876426587694,0.5990878636035015,-0.03249977905526791
Cerebelum_3_L,0.5929096715553513,0.6364468932155756,0.04353722166022422
Cerebelum_3_R,0.568676041990048,0.622228944522845,0.0535529025327971
Cerebelum_4_5_L,0.515733243365606,0.6502596430188091,0.13452639965320312
Cerebelum_4_5_R,0.6027015740928754,0.6018214360464861,-0.0008801380463893116
Cerebelum_6_L,0.5802252949380001,0.6054848918109276,0.025259596872927448
Cerebelum_6_R,0.5983842671181074,0.6395948250953427,0.041210557977235274
Cerebelum_7b_L,0.5565101381098985,0.635409870728039,0.07889973261814054
Cerebelum_7b_R,0.6046365389097623,0.642913347661809,0.03827680875204664
Cerebelum_8_L,0.5786987846234077,0.6125086182627284,0.03380983363932066
Cerebelum_8_R,0.6235562631363732,0.651828949404703,0.028272686268329794
Cerebelum_9_L,0.6129525409516233,0.6278139938402411,0.014861452888617732
Cerebelum_9_R,0.5971971168560292,0.6249245909226747,0.027727474066645552
Cerebelum_10_L,0.6195725359869615,0.6241473502331345,0.004574814246173009
Cerebelum_10_R,0.5915806965895787,0.5958663718002183,0.004285675210639606
Vermis_1_2,0.6197229771075269,0.6251455575616746,0.005422580454147674
Vermis_3,0.6226344422024516,0.6669410114754377,0.04430656927298615
Vermis_4_5,0.4968189155003259,0.6380354099666149,0.14121649446628898
Vermis_6,0.6174740981400505,0.624155304519505,0.006681206379454463
Vermis_7,0.5458295354433622,0.624505196126891,0.07867566068352883
Vermis_8,0.6132138614119532,0.6093221740982459,-0.0038916873137073704
Vermis_9,0.5065940365748014,0.6411598763740459,0.13456583979924452
Vermis_10,0.6063415648468093,0.6433913030646345,0.0370497382178252
