roi,edge_entropy_baseline,edge_entropy_psilocybin,edge_entropy_difference,strength_baseline,strength_psilocybin,degree_baseline,degree_psilocybin
Precentral_L,6.638956831241187,6.417459266435934,-0.2214975648052535,53.28082585229981,34.455992228740364,107,95
Precentral_R,6.60661593470957,6.577787060350752,-0.02882887435881809,49.548215459684585,41.19885429939725,108,107
Frontal_Sup_L,6.614839082065219,6.536392035180421,-0.07844704688479887,47.07028646355695,38.459593796071964,108,103
Frontal_Sup_R,6.705182438964156,6.604515311800536,-0.10066712716362058,51.547648198744106,43.726148089280436,111,105
Frontal_Sup_Orb_L,6.64394127941222,6.405995820547998,-0.23794545886422203,42.98811586647047,31.728101069511876,110,95
Frontal_Sup_Orb_R,6.264865987108691,6.332345927393195,0.0674799402845041,22.947669580527112,27.654176557303387,87,93
Frontal_Mid_L,6.587320057374292,6.511492048807215,-0.07582800856707728,44.94322086824602,37.34619021677566,104,102
Frontal_Mid_R,6.571484559240729,6.478678724835059,-0.09280583440567014,36.87321848648111,36.196255556933686,105,100
Frontal_Mid_Orb_L,6.586545220672434,6.331659977422782,-0.2548852432496522,37.55521436463656,27.824962745393744,105,92
Frontal_Mid_Orb_R,6.0117471024417695,6.085124425657386,0.07337732321561674,18.212289062905594,23.216576146262447,74,79
Frontal_Inf_Oper_L,6.441103593747917,6.219662861396353,-0.2214407323515637,34.52119928352704,22.47162684490495,99,85
Frontal_Inf_Oper_R,6.348228860163612,6.307544664495469,-0.04068419566814274,29.02033599369075,25.580938864121315,94,89
Frontal_Inf_Tri_L,6.574135066923488,6.346654742160988,-0.22748032476250035,38.31959579188585,26.33945611375704,104,93
Frontal_Inf_Tri_R,6.169146020045537,6.1758612855942525,0.006715265548715266,25.20278579296856,22.880220189347483,83,81
Frontal_Inf_Orb_L,6.506471347062742,6.025775360778259,-0.4806959862844833,39.56534933407066,19.848802727682223,99,74
Frontal_Inf_Orb_R,5.8864150547985545,5.94849208451259,0.06207702971403517,19.453811093903656,20.504412066076288,68,69
Rolandic_Oper_L,6.577793720724969,6.418266493156625,-0.15952722756834437,49.3382635524109,36.13888672496119,105,97
Rolandic_Oper_R,6.554694933801468,6.401484988644446,-0.15320994515702147,44.538484525856575,37.04150128647852,105,95
Supp_Motor_Area_L,6.6513609903941395,6.6038486504905896,-0.04751233990354997,53.988119569024846,36.79080095499922,106,105
Supp_Motor_Area_R,6.650299502877771,6.670940566943609,0.02064106406583832,54.325051162591855,46.44415992612525,109,110
Olfactory_L,6.649340952024758,6.057827478003892,-0.5915134740208661,39.74873487288038,19.651817743336853,106,76
Olfactory_R,6.6543870062097445,6.205654981085345,-0.44873202512439914,31.954175587669532,23.47863772665597,106,81
Frontal_Sup_Medial_L,6.472944071719355,6.492772475220045,0.01982840350069015,40.048230787340586,35.69066609186908,98,100
Frontal_Sup_Medial_R,6.453979138587993,6.512408161959434,0.05842902337144107,35.23709989266369,35.059881016171694,99,103
Frontal_Med_Orb_L,6.578985283082981,6.3608508835011,-0.2181343995818814,40.69989859498758,31.1919531859681,106,93
Frontal_Med_Orb_R,6.522575246580153,6.383747760340996,-0.13882748623915742,36.58095957077744,32.27831836287269,104,95
Rectus_L,6.614875291324891,5.931046095426697,-0.6838291958981939,44.4488507929292,19.42123709118611,106,70
Rectus_R,6.672484701135767,6.210180951808966,-0.46230374932680096,43.29395869815455,26.7432270038336,108,84
Insula_L,6.543356812747364,6.330732579766355,-0.21262423298100863,41.06014896580607,31.55638602024866,104,89
Insula_R,6.335139598834125,6.3055402475344895,-0.029599351299635757,31.13993773489257,31.033256694440436,93,88
Cingulum_Ant_L,6.725039627812864,6.386750650909283,-0.3382889769035806,43.38396758536191,29.528630792487792,114,93
Cingulum_Ant_R,6.727522259035945,6.589671616464952,-0.1378506425709931,41.46038277915693,36.05467464586526,113,107
Cingulum_Mid_L,6.726904105245154,6.724932047355004,-0.0019720578901498698,59.45710090877303,51.911085499834954,111,111
Cingulum_Mid_R,6.732267088749259,6.64796359715461,-0.08430349159464878,54.60384343306526,44.91999484513797,113,106
Cingulum_Post_L,6.5294261643944,6.535074541260296,0.005648376865895699,38.718884065615036,35.27076567618296,103,103
Cingulum_Post_R,6.6051420636729485,6.550079522271964,-0.05506254140098488,41.39495820908102,38.2943975301068,106,102
Hippocampus_L,6.666608885278458,6.552450602746936,-0.1141582825315215,48.36741434380306,36.31436304765217,109,101
Hippocampus_R,6.682290362095625,6.556299173636174,-0.12599118845945068,48.013375713004585,37.00646484567691,111,104
ParaHippocampal_L,6.6705697806683935,6.492044732174994,-0.17852504849339912,44.364215516670235,27.305733931689936,109,98
ParaHippocampal_R,6.671489979575029,6.2753641584206585,-0.3961258211543708,49.1533969796936,28.704797454336436,112,85
Amygdala_L,6.487693897103579,6.30993078057494,-0.17776311652863885,28.2109497948169,28.464848357428416,98,87
Amygdala_R,6.3960151016982545,6.307905626549854,-0.08810947514840084,25.561638749866653,25.33675728001472,93,88
Calcarine_L,6.621372180838647,6.483531020029624,-0.13784116080902287,48.09887644568346,34.3393782832221,110,100
Calcarine_R,6.601939638098056,6.4321180834414955,-0.16982155465656046,45.75760095045068,33.30908469602565,110,95
Cuneus_L,6.510602070267382,6.67931925285253,0.1687171825851479,43.48069736158265,46.884025689812724,103,112
Cuneus_R,6.52008732284129,6.647654809393332,0.1275674865520422,42.966496200509255,46.66196258641004,105,110
Lingual_L,6.622928029438426,6.663876374719942,0.040948345281516474,51.500802564500425,48.27790859213467,110,108
Lingual_R,6.645052241057671,6.682172256028807,0.03712001497113526,53.15112355125833,49.71065031439791,111,110
Occipital_Sup_L,6.436638438053698,6.695180271417023,0.25854183336332515,40.06801259977184,49.31536585907482,101,112
Occipital_Sup_R,6.456874028926146,6.6590947868026955,0.20222075787654958,41.357768489402375,43.75094356766895,101,111
Occipital_Mid_L,6.555174871104917,6.644148701985501,0.08897383088058408,47.7972412228184,46.317441835525244,106,109
Occipital_Mid_R,6.502075940000031,6.6986471568057375,0.19657121680570633,44.586010850068675,43.19355734948609,103,114
Occipital_Inf_L,6.573584407478163,6.730140662463446,0.1565562549852837,45.83873145675071,48.199913427914154,106,113
Occipital_Inf_R,6.492131820344022,6.746601730348081,0.25446991000405905,42.33482409837502,46.59697113179256,98,114
Fusiform_L,6.690194904123394,6.739190449366794,0.04899554524340033,53.19756927448916,49.27667920285894,112,113
Fusiform_R,6.642769242466806,6.680765262830547,0.03799602036374061,52.80494046121049,47.04563735659509,110,110
Postcentral_L,6.598879130075255,6.577725251563542,-0.02115387851171313,51.88182155682665,44.25662568101508,106,105
Postcentral_R,6.562454281474304,6.525230750431948,-0.03722353104235587,47.293795924898824,39.158607099530585,104,104
Parietal_Sup_L,6.557730121355064,6.527279762285241,-0.030450359069822852,43.62968656159513,40.755545660699504,106,100
Parietal_Sup_R,6.530081056625006,6.60748897593115,0.0774079193061441,43.425600818824414,41.913489750613685,105,108
Parietal_Inf_L,6.701908089395246,6.448590083779104,-0.25331800561614237,45.65125181137085,32.65611660186302,112,96
Parietal_Inf_R,6.587875567590724,6.239361598092829,-0.3485139694978949,33.18373485595397,29.25867685097962,106,85
SupraMarginal_L,6.5373502570649435,6.259128476420503,-0.2782217806444409,40.80383626349548,28.976219663913145,101,88
SupraMarginal_R,6.507616798679629,6.4262429360721285,-0.08137386260750024,39.42960500783122,33.217081934679044,100,96
Angular_L,6.43314467407297,6.407391487880561,-0.02575318619240896,36.15837908581158,32.52255503559273,99,96
Angular_R,6.434319976482898,6.548414384508735,0.11409440802583681,35.83124282903632,36.291412232118134,98,105
Precuneus_L,6.606642170718888,6.584549576218128,-0.02209259450075951,49.27152439292867,43.40040178067896,105,106
Precuneus_R,6.627264788647404,6.614610406137335,-0.012654382510068451,48.87090735555262,43.251993520788595,107,107
Paracentral_Lobule_L,6.593969811859464,6.439942263764379,-0.154027548095085,49.707489208357664,29.5820652445764,106,95
Paracentral_Lobule_R,6.601761029672627,6.5517583800296535,-0.050002649642973296,51.72684936599815,41.58344077656445,105,103
Caudate_L,6.531737344915311,6.682377916962819,0.15064057204750814,33.06447561501584,37.577964783280635,103,110
Caudate_R,6.4873208072517565,6.5246674582650686,0.03734665101331203,30.081514110313964,32.50026945557087,100,100
Putamen_L,6.676319755689779,6.31402256126962,-0.36229719442015895,37.89359249530988,26.329662112980383,110,89
Putamen_R,6.670605248672888,6.258836161307551,-0.4117690873653368,41.243242949199825,27.701217403647142,109,86
Pallidum_L,6.544879723522988,6.383486408789938,-0.16139331473304974,28.315948186165286,27.456774146974833,102,91
Pallidum_R,6.30881560311135,6.328928004167128,0.02011240105577805,28.03758526943345,21.568573299474437,88,88
Thalamus_L,6.66591489293505,6.724844959942357,0.05893006700730652,43.281360259549686,42.24984039481246,108,113
Thalamus_R,6.708962841036897,6.739770930150584,0.030808089113687487,48.066844948488445,46.21679603968949,111,115
Heschl_L,6.6811821664599185,6.323749976574131,-0.3574321898857873,51.54268966846387,28.303211067027142,110,90
Heschl_R,6.521012778445344,6.557531677002924,0.036518898557579504,39.2060713157604,34.902022346854096,100,104
Temporal_Sup_L,6.6679657229446265,6.457072859360239,-0.2108928635843874,50.31346304423222,35.1542100453683,109,99
Temporal_Sup_R,6.7104735093183185,6.622485833679183,-0.08798767563913579,50.104394596324106,40.45474929700944,111,108
Temporal_Pole_Sup_L,6.59526668758571,6.6755795359436085,0.08031284835789876,44.67218077840097,34.32226173375429,105,107
Temporal_Pole_Sup_R,6.516522307797807,6.414391745390167,-0.10213056240764029,41.431544796290154,34.32655136500519,102,95
Temporal_Mid_L,6.591470860770939,6.6188628792615605,0.02739201849062134,45.158634491504834,38.966064764420466,104,108
Temporal_Mid_R,6.692145109086396,6.6263714747678035,-0.0657736343185924,50.32503388133071,43.64120603680533,111,106
Temporal_Pole_Mid_L,6.5872827603351585,6.330810293255307,-0.2564724670798517,41.06329008318307,24.540978155729753,106,89
Temporal_Pole_Mid_R,6.508606679810204,6.335337676074514,-0.17326900373569032,30.872367836556453,26.17683033554183,100,89
Temporal_Inf_L,6.70465167472173,6.53848925342643,-0.1661624212952999,51.188838618383066,35.21455767385753,112,101
Temporal_Inf_R,6.736820865565943,6.639350603205125,-0.0974702623608179,55.109306835371434,43.65729065186316,114,106
Cerebelum_Crus1_L,6.315069154653389,6.409607704256611,0.09453854960322161,29.960283229149407,38.59971005578212,89,95
Cerebelum_Crus1_R,6.690996213115621,6.447921456655745,-0.24307475645987608,50.86469352280661,41.00778311228143,110,96
Cerebelum_Crus2_L,6.252110068382166,6.255778095618665,0.003668027236499505,24.37145666119697,31.593005534860392,86,85
Cerebelum_Crus2_R,6.302874772251851,6.319982235398861,0.017107463147009838,31.3970511942878,35.14134389975892,91,89
Cerebelum_3_L,5.984583416888651,6.358362186984637,0.3737787700959858,17.23517068162723,21.338969592858458,71,90
Cerebelum_3_R,6.381633309149878,6.018504463581633,-0.3631288455682453,25.410945830242827,15.334940400442907,91,73
Cerebelum_4_5_L,6.734382770564027,6.591410117651215,-0.14297265291281214,48.591962582326296,40.34039698082902,114,104
Cerebelum_4_5_R,6.743682422454676,6.56797598625555,-0.17570643619912651,50.90915526815098,40.341495256122606,114,101
Cerebelum_6_L,6.7752524061384225,6.561328583693177,-0.21392382244524555,56.71961350228852,43.5825530163838,115,103
Cerebelum_6_R,6.7567466248135375,6.547004005921268,-0.2097426188922693,57.61500660969552,43.200049822172545,113,103
Cerebelum_7b_L,6.265554516090977,6.372855505093305,0.10730098900232843,22.171791319531962,32.56349289436236,85,93
Cerebelum_7b_R,6.10729663501194,6.46284069080791,0.3555440557959706,18.02087125901083,32.87033881367309,75,99
Cerebelum_8_L,6.581921207661896,6.462920502141305,-0.11900070552059105,35.24239734034228,33.47342589974334,104,98
Cerebelum_8_R,6.449247508438482,6.434676339544958,-0.014571168893524167,22.524814288712495,32.21747482227754,92,94
Cerebelum_9_L,6.535808041212999,6.5357678538739705,-4.0187339028108227e-05,33.77268000504737,33.68907906193197,103,100
Cerebelum_9_R,6.367899076333291,6.432351393173497,0.0644523168402058,25.162065834143853,31.26049721562382,88,94
Cerebelum_10_L,5.697422483529521,6.179923690755079,0.48250120722555856,12.14923908250016,22.52989206235239,58,81
Cerebelum_10_R,6.6878661053218815,6.317486954593174,-0.37037915072870753,34.35993296936948,27.638593311044193,109,89
Vermis_1_2,5.739722220928978,6.130660099493434,0.39093787856445594,11.712239916082385,17.11211396991189,61,78
Vermis_3,6.397113983972223,6.357677371656149,-0.03943661231607365,22.56009493999802,23.88052523427817,93,91
Vermis_4_5,6.739917049051052,6.56045631224156,-0.17946073680949226,52.756598275673,38.32630420202993,113,102
Vermis_6,6.655623266251046,6.627156063376821,-0.028467202874224995,42.989521319809654,45.11940829532662,108,108
Vermis_7,6.496748773316979,6.575995922772881,0.07924714945590239,34.61004876847886,41.99321774763322,99,105
Vermis_8,6.626504043035208,6.638943948167533,0.01243990513232518,38.20465946233921,41.260113818388895,106,107
Vermis_9,6.667124243492619,6.484044649150926,-0.1830795943416934,43.686634786547366,29.696326527442956,107,97
Vermis_10,5.9595540599480605,6.1838336411920585,0.22427958124399794,15.973887397106818,19.74561143042435,69,81
